1,0, rwxr-xr-x,bob,bob,1320235,DIR,6/23/2018 19:15,8/18/2018 9:05,linux
2,1,rwxr-xr-x,bob,bob,70088,DIR,6/27/2017 1:02,10/5/2017 6:02,drivers
3,2,rwxr-xr-x,bob,bob,1320235,DIR,10/19/2021 15:58,11/13/2021 10:21,perfctr
4,3,rw-r--r--,bob,bob,59412,file,2/20/2020 10:42,5/26/2021 23:26,global.c
5,3,rw-r--r--,bob,bob,70088,file,7/26/2016 12:23,8/24/2017 7:09,init.c
6,3,rw-r--r--,bob,bob,31317,file,10/10/2018 23:47,4/10/2019 14:48,virtual_stub.c
7,3,rw-r--r--,bob,bob,19445,file,1/15/2018 16:15,11/3/2018 6:47,x86.c
8,3,rw-r--r--,bob,bob,43326,file,10/27/2018 0:39,9/7/2019 6:40,x86_setup.c
9,3,rw-r--r--,bob,bob,78706,file,6/6/2016 10:00,6/23/2016 14:34,x86_tests.c
10,0,rwxr-xr-x,mia,mia,254621,DIR,8/30/2016 4:50,4/19/2017 10:10,win2k
11,10,rwxr-xr-x,mia,mia,859983,DIR,8/13/2020 21:18,7/4/2021 22:32,shell
12,11,rw-r--r--,mia,mia,64154,file,5/13/2019 4:13,2/6/2020 15:38,PAPI_Errors.c
13,11,rw-r--r--,mia,mia,49325,file,10/24/2016 15:45,1/31/2017 2:44,StdAfx.c
14,11,rw-r--r--,mia,mia,83199,file,4/24/2015 6:19,10/5/2015 6:32,test_get_cycles.c
15,11,rw-r--r--,mia,mia,19648,file,1/18/2018 20:54,4/23/2019 6:14,winpapi_console.c
16,11,rw-r--r--,mia,mia,58397,file,1/6/2017 11:26,5/30/2017 3:03,WinPAPIShell.c
17,10,rwxr-xr-x,mia,mia,157906,DIR,11/18/2020 16:16,3/16/2021 15:28,substrate
18,17,rw-r--r--,mia,mia,123,file,12/23/2019 23:43,9/28/2020 0:04,cpuinfo.c
19,17,rw-r--r--,mia,mia,22928,file,3/20/2016 22:36,7/13/2017 5:11,win32.c
20,10,rwxr-xr-x,mia,mia,385534,DIR,5/6/2016 3:30,5/28/2016 21:16,winpmc
21,20,rw-r--r--,mia,mia,71996,file,10/20/2020 19:26,6/18/2021 13:52,pmclib.c
22,20,rw-r--r--,mia,mia,57172,file,6/1/2018 0:49,3/30/2019 7:29,pmc_x86.c
23,20,rw-r--r--,mia,mia,72832,file,2/13/2019 7:37,3/22/2019 10:01,WinPMC.c
24,10,rwxr-xr-x,mia,mia,252791,DIR,6/5/2020 21:51,2/4/2021 8:24,tools
25,24,rwxr-xr-x,mia,mia,252791,DIR,8/28/2017 1:25,8/16/2018 21:59,papiex
26,25,rwxr-xr-x,mia,mia,215344,DIR,4/26/2019 20:57,6/23/2020 4:33,src
27,26,rw-r--r--,mia,mia,66225,file,5/25/2019 9:10,9/13/2019 4:55,eventinfo.c
28,26,rw-r--r--,mia,mia,63410,file,3/28/2020 8:01,5/27/2020 22:41,main.c
29,26,rw-r--r--,mia,mia,85709,file,1/1/2019 0:22,10/5/2019 16:58,papiex.c
30,25,rwxr-xr-x,mia,mia,37447,DIR,11/16/2022 14:46,10/7/2023 20:57,tests
31,30,rwxr-xr-x,mia,mia,37447,DIR,1/9/2023 15:25,7/20/2023 9:15,src
32,31,rw-r--r--,mia,mia,37447,file,2/10/2017 3:59,12/25/2017 3:56,abort.c
33,31,rw-r--r--,mia,mia,77786,file,8/26/2020 18:42,5/11/2021 7:13,assert.c
34,24,rwxr-xr-x,mia,mia,78953,DIR,1/24/2022 6:12,5/18/2023 11:01,papinfo
35,34,rwxr-xr-x,mia,mia,78953,DIR,5/16/2023 22:09,9/16/2024 22:41,src
36,35,rw-r--r--,mia,mia,78953,file,3/6/2021 3:17,11/25/2021 4:20,main.c
37,24,rwxr-xr-x,mia,mia,226413,DIR,2/14/2015 20:25,2/6/2016 19:51,trapper
38,37,rw-r--r--,mia,mia,19980,file,5/14/2015 9:51,4/27/2016 16:06,process_trap.c
39,37,rw-r--r--,mia,mia,17706,file,12/2/2018 4:43,5/19/2019 21:15,pthread_trap_create.c
40,37,rwxr-xr-x,mia,mia,188727,DIR,12/11/2018 13:25,11/4/2019 11:41,tests
41,40,rw-r--r--,mia,mia,99026,file,6/21/2022 6:14,8/16/2022 12:30,dumbtime.c
42,40,rw-r--r--,mia,mia,89701,file,7/20/2023 17:39,9/23/2023 19:24,test5.c
43,0,rwxr-xr-x,raj,raj,196807,DIR,10/11/2015 5:21,1/30/2017 15:14,winpmc
44,43,rw-r--r--,raj,raj,89268,file,4/9/2020 16:57,8/9/2020 10:52,pmclib.c
45,43,rw-r--r--,raj,raj,69331,file,3/25/2023 17:19,5/17/2024 4:13,pmc_x86.c
46,43,rw-r--r--,raj,raj,38208,file,10/28/2016 7:42,11/3/2017 16:28,WinPMC.c